{"cameraMode":{"drawMode":0,"name":"Shaded","section":"Shading Mode"},"sceneLighting":true,"audioPlay":false,"sceneViewState":{"m_AlwaysRefresh":false,"showFog":true,"showSkybox":true,"showFlares":true,"showImageEffects":true,"showParticleSystems":true,"showVisualEffectGraphs":true,"m_FxEnabled":true},"in2DMode":false,"pivot":{"x":0.34674280881881716,"y":-9.787312507629395,"z":-28.66494369506836},"rotation":{"x":0.2655494809150696,"y":0.019065503031015397,"z":-0.005381719209253788,"w":0.9639608263969421},"size":23.610990524291993,"orthographic":false}