{"cameraMode":{"drawMode":0,"name":"Shaded","section":"Shading Mode"},"sceneLighting":true,"audioPlay":false,"sceneViewState":{"m_AlwaysRefresh":false,"showFog":true,"showSkybox":true,"showFlares":true,"showImageEffects":true,"showParticleSystems":true,"showVisualEffectGraphs":true,"m_FxEnabled":true},"in2DMode":false,"pivot":{"x":4.3868608474731449,"y":0.33991771936416628,"z":-37.32987594604492},"rotation":{"x":0.1004301905632019,"y":0.06442936509847641,"z":-0.006624517031013966,"w":0.992895781993866},"size":15.996423721313477,"orthographic":false}